Player,Age,MarketValue,Club,Position,MatchesPlayed,MinutesPlayed,Goals,Assists,xG,xA
Tyler Adams,26,€12.00m,AFC Bournemouth,Defensive Midfield,28,1965,0,3,1.6,1.0
Tosin Adarabioyo,27,€15.00m,Chelsea FC,Centre-Back,22,1409,1,1,0.9,0.2
Simon Adingra,23,€25.00m,Brighton & Hove Albion,Left Winger,29,1097,2,2,2.5,2.5
Emmanuel Agbadou,28,€15.00m,Wolverhampton Wanderers,Centre-Back,16,1410,1,0,0.8,0.2
Ola Aina,28,€20.00m,Nottingham Forest,Right-Back,35,2995,2,1,0.6,1.4
Rayan Aït-Nouri,24,€28.00m,Manchester City,Left-Back,37,3109,4,7,2.7,5.5
Kristoffer Ajer,27,€12.00m,Brentford FC,Centre-Back,24,1438,0,0,1.0,1.2
Manuel Akanji,29,€25.00m,Manchester City,Centre-Back,26,2014,0,0,1.6,0.4
Nathan Aké,30,€22.00m,Manchester City,Centre-Back,10,678,0,0,0.2,0.0
Carlos Alcaraz,22,€8.00m,Everton FC,Central Midfield,1,10,0,0,0.1,0.1
Carlos Alcaraz,22,€8.00m,Everton FC,Central Midfield,15,764,2,3,1.7,1.6
Alisson,32,€15.00m,Liverpool FC,Goalkeeper,28,2508,0,0,0.0,0.6
Harry Amass,18,€1.00m,Manchester United,Left-Back,5,346,0,0,0.1,0.0
Mathis Amougou,19,€5.00m,Chelsea FC,Central Midfield,1,8,0,0,0.0,0.0
Joachim Andersen,29,€22.00m,Fulham FC,Centre-Back,1,90,0,0,0.0,0.0
Joachim Andersen,29,€22.00m,Fulham FC,Centre-Back,29,2583,0,0,1.0,0.5
Elliot Anderson,22,€27.00m,Nottingham Forest,Central Midfield,37,2728,2,6,2.1,3.3
André,23,€25.00m,Wolverhampton Wanderers,Defensive Midfield,33,2472,0,0,0.4,0.8
Antony,25,€32.00m,Manchester United,Right Winger,8,141,0,0,1.0,0.1
Alphonse Areola,32,€4.00m,West Ham United,Goalkeeper,26,2260,0,0,0.0,0.0
Kepa Arrizabalaga,30,€6.00m,Arsenal FC,Goalkeeper,31,2790,0,0,0.1,0.0
Taiwo Awoniyi,27,€10.00m,Nottingham Forest,Centre-Forward,26,416,1,0,2.1,0.1
Leon Bailey,27,€25.00m,Aston Villa,Right Winger,24,1139,1,2,1.7,1.5
Ross Barkley,31,€1.50m,Aston Villa,Central Midfield,20,581,3,1,1.8,0.6
Harvey Barnes,27,€30.00m,Newcastle United,Left Winger,33,1755,9,4,7.2,4.0
Altay Bayındır,27,€3.50m,Manchester United,Goalkeeper,4,360,0,0,0.0,0.0
Jean-Ricner Bellegarde,27,€12.00m,Wolverhampton Wanderers,Central Midfield,35,1677,2,7,1.5,3.8
Rodrigo Bentancur,28,€25.00m,Tottenham Hotspur,Defensive Midfield,26,1645,2,0,1.3,0.4
Sander Berge,27,€20.00m,Fulham FC,Defensive Midfield,31,2224,0,0,0.4,0.6
Lucas Bergvall,19,€35.00m,Tottenham Hotspur,Central Midfield,27,1212,0,1,0.7,0.6
Beto,27,€18.00m,Everton FC,Centre-Forward,30,1534,8,0,8.2,1.2
Beto,27,€18.00m,Everton FC,Centre-Forward,30,1534,8,0,8.2,1.2
Philip Billing,29,€6.00m,AFC Bournemouth,Central Midfield,10,184,0,0,0.6,1.1
Yves Bissouma,28,€22.00m,Tottenham Hotspur,Defensive Midfield,28,1408,2,0,0.6,0.3
Lamare Bogarde,21,€1.70m,Aston Villa,Defensive Midfield,8,476,0,0,0.0,0.1
Sven Botman,25,€38.00m,Newcastle United,Centre-Back,8,412,0,0,0.5,0.5
Jarrod Bowen,28,€35.00m,West Ham United,Right Winger,34,2973,13,8,8.6,6.8
Conor Bradley,21,€25.00m,Liverpool FC,Right-Back,19,754,0,2,0.7,1.4
Jarrad Branthwaite,23,€45.00m,Everton FC,Centre-Back,30,2511,0,1,1.2,0.7
Armando Broja,23,€8.00m,Chelsea FC,Centre-Forward,10,334,0,0,0.1,0.2
Armando Broja,23,€7.50m,Chelsea FC,Centre-Forward,10,334,0,0,0.1,0.2
David Brooks,27,€5.00m,AFC Bournemouth,Right Winger,29,960,2,0,2.5,1.9
Santiago Bueno,26,€5.00m,Wolverhampton Wanderers,Centre-Back,29,1687,0,0,0.4,0.0
Facundo Buonanotte,20,€18.00m,Brighton & Hove Albion,Attacking Midfield,31,1523,5,2,3.9,3.1
Dan Burn,33,€2.00m,Newcastle United,Centre-Back,37,3330,1,1,2.0,0.9
Moisés Caicedo,23,€80.00m,Chelsea FC,Defensive Midfield,38,3351,1,2,0.8,3.0
Riccardo Calafiori,23,€30.00m,Arsenal FC,Left-Back,19,983,2,1,0.9,0.3
Casemiro,33,€6.00m,Manchester United,Defensive Midfield,24,1494,1,0,1.9,2.3
Matty Cash,27,€20.00m,Aston Villa,Right-Back,27,2070,1,1,0.5,1.1
Matty Cash,27,€20.00m,Aston Villa,Right-Back,27,2070,1,1,0.5,1.1
Eiran Cashin,23,€4.00m,Brighton & Hove Albion,Centre-Back,2,20,0,0,0.0,0.0
Timothy Castagne,29,€8.00m,Fulham FC,Right-Back,24,1649,0,1,0.4,1.2
Trevoh Chalobah,26,€22.00m,Chelsea FC,Centre-Back,12,1060,3,0,1.2,0.4
Trevoh Chalobah,26,€20.00m,Chelsea FC,Centre-Back,12,1060,3,0,1.2,0.4
Trevoh Chalobah,26,€22.00m,Chelsea FC,Centre-Back,13,910,0,1,0.8,1.2
Trevoh Chalobah,26,€20.00m,Chelsea FC,Centre-Back,13,910,0,1,0.8,1.2
Federico Chiesa,27,€8.00m,Liverpool FC,Right Winger,6,108,0,0,0.3,0.2
Ben Chilwell,28,€10.00m,Chelsea FC,Left-Back,8,259,1,0,0.2,0.8
Ryan Christie,30,€5.00m,AFC Bournemouth,Defensive Midfield,29,2117,2,3,1.8,3.5
Nathan Collins,24,€25.00m,Brentford FC,Centre-Back,38,3420,2,3,2.5,1.8
Toby Collyer,21,€1.00m,Manchester United,Defensive Midfield,6,179,0,0,0.2,0.3
Levi Colwill,22,€50.00m,Chelsea FC,Centre-Back,35,3149,2,1,1.9,1.1
Lewis Cook,28,€10.00m,AFC Bournemouth,Central Midfield,36,2978,1,3,0.9,4.1
Maxwel Cornet,28,€4.00m,West Ham United,Left Winger,2,72,0,0,0.2,0.0
Marc Cucurella,26,€30.00m,Chelsea FC,Left-Back,36,2988,5,1,2.8,2.1
Jorge Cuenca,25,€1.00m,Fulham FC,Centre-Back,8,351,0,0,0.0,0.0
Matheus Cunha,26,€55.00m,Manchester United,Second Striker,33,2597,15,6,8.6,7.7
Diogo Dalot,26,€25.00m,Manchester United,Right-Back,33,2814,0,3,2.0,2.0
Mikkel Damsgaard,25,€24.00m,Brentford FC,Attacking Midfield,38,2911,2,10,2.8,8.4
Danilo,24,€25.00m,Nottingham Forest,Defensive Midfield,8,275,0,0,0.0,0.0
Ben Davies,32,€1.50m,Tottenham Hotspur,Centre-Back,17,1331,0,0,0.3,0.2
Liam Delap,22,€35.00m,Chelsea FC,Centre-Forward,37,2593,12,2,9.3,1.9
Sepp van den Berg,23,€18.00m,Brentford FC,Centre-Back,31,2586,0,0,2.0,0.8
Justin Devenny,21,€1.50m,Crystal Palace,Central Midfield,23,507,1,1,0.8,0.6
Kiernan Dewsbury-Hall,26,€15.00m,Chelsea FC,Central Midfield,13,264,0,1,0.2,1.1
Amad Diallo,22,€40.00m,Manchester United,Right Winger,26,1901,8,6,4.7,4.9
Rúben Dias,28,€60.00m,Manchester City,Centre-Back,27,2271,0,0,1.5,0.3
Luis Díaz,28,€65.00m,Liverpool FC,Left Winger,36,2399,13,5,12.0,5.0
Lucas Digne,31,€5.00m,Aston Villa,Left-Back,32,2351,0,4,0.8,4.7
Issa Diop,28,€9.00m,Fulham FC,Centre-Back,21,1339,0,0,0.5,0.1
Nasser Djiga,22,€6.00m,Wolverhampton Wanderers,Centre-Back,5,66,0,0,0.0,0.0
Cheick Doucouré,25,€20.00m,Crystal Palace,Defensive Midfield,13,452,0,0,0.4,0.0
Cheick Doucouré,25,€20.00m,Crystal Palace,Defensive Midfield,13,452,0,0,0.4,0.0
Radu Drăgușin,23,€22.00m,Tottenham Hotspur,Centre-Back,16,1252,0,0,0.1,0.4
Lewis Dunk,33,€1.50m,Brighton & Hove Albion,Centre-Back,25,2083,0,0,0.8,0.5
Claudio Echeverri,19,€14.00m,Manchester City,Attacking Midfield,1,6,0,0,0.0,0.0
Ederson,31,€15.00m,Manchester City,Goalkeeper,26,2320,0,4,0.0,1.5
Anthony Elanga,23,€40.00m,Nottingham Forest,Right Winger,38,2501,6,11,4.5,5.7
Harvey Elliott,22,€25.00m,Liverpool FC,Attacking Midfield,18,371,1,2,1.8,1.1
Yunus Emre Konak,19,€700k,Brentford FC,Defensive Midfield,10,42,0,0,0.2,0.0
Wataru Endo,32,€3.50m,Liverpool FC,Defensive Midfield,20,273,0,0,0.0,0.1
Romain Esse,20,€8.00m,Crystal Palace,Right Winger,7,138,1,1,0.3,0.4
Pervis Estupiñán,27,€25.00m,Brighton & Hove Albion,Left-Back,30,2402,1,1,1.2,2.1
Evanilson,25,€30.00m,AFC Bournemouth,Centre-Forward,31,2319,10,1,12.5,1.9
Eberechi Eze,27,€50.00m,Crystal Palace,Attacking Midfield,34,2588,8,8,10.5,6.2
João Félix,25,€18.00m,Chelsea FC,Second Striker,12,369,1,1,2.2,1.0
Evan Ferguson,20,€22.00m,Brighton & Hove Albion,Centre-Forward,8,156,0,0,0.6,0.3
Evan Ferguson,20,€20.00m,Brighton & Hove Albion,Centre-Forward,8,156,0,0,0.6,0.3
Evan Ferguson,20,€22.00m,Brighton & Hove Albion,Centre-Forward,13,246,1,0,0.5,0.4
Evan Ferguson,20,€20.00m,Brighton & Hove Albion,Centre-Forward,13,246,1,0,0.5,0.4
Bruno Fernandes,30,€50.00m,Manchester United,Attacking Midfield,36,3018,8,10,9.9,8.5
Enzo Fernández,24,€75.00m,Chelsea FC,Central Midfield,36,2947,6,7,6.1,6.8
Phil Foden,25,€85.00m,Manchester City,Right Winger,28,1777,7,2,5.2,4.8
Wesley Fofana,24,€22.00m,Chelsea FC,Centre-Back,14,1172,0,0,0.4,0.4
Wesley Fofana,24,€20.00m,Chelsea FC,Centre-Back,14,1172,0,0,0.4,0.4
Matheus França,21,€5.00m,Crystal Palace,Attacking Midfield,4,55,1,0,0.3,0.0
Niclas Füllkrug,32,€6.00m,West Ham United,Centre-Forward,18,790,3,2,2.2,1.9
Cody Gakpo,26,€65.00m,Liverpool FC,Left Winger,35,1935,10,4,7.1,4.4
Andrés García,22,€2.20m,Aston Villa,Right-Back,7,318,0,0,0.0,0.2
Alejandro Garnacho,21,€40.00m,Manchester United,Attacking Midfield,36,2199,6,2,7.3,4.5
James Garner,24,€12.00m,Everton FC,Defensive Midfield,21,1594,0,1,0.7,1.4
Tyrique George,19,€5.00m,Chelsea FC,Left Winger,8,183,1,1,0.2,0.7
Morgan Gibbs-White,25,€50.00m,Nottingham Forest,Attacking Midfield,34,2803,7,8,6.3,5.0
João Gomes,24,€35.00m,Wolverhampton Wanderers,Central Midfield,36,2974,3,1,2.9,1.2
Rodrigo Gomes,21,€10.00m,Wolverhampton Wanderers,Right Midfield,25,810,2,0,0.7,0.9
Diego Gómez,22,€9.00m,Brighton & Hove Albion,Central Midfield,16,516,1,0,0.9,0.7
Joe Gomez,28,€16.00m,Liverpool FC,Centre-Back,9,519,0,0,0.3,0.1
Anthony Gordon,24,€60.00m,Newcastle United,Left Winger,34,2434,6,5,8.0,5.0
Ryan Gravenberch,23,€75.00m,Liverpool FC,Defensive Midfield,37,3160,0,4,1.1,3.1
Archie Gray,19,€32.00m,Tottenham Hotspur,Defensive Midfield,28,1751,0,0,0.0,0.1
Jack Grealish,29,€25.00m,Manchester City,Left Winger,20,721,1,1,1.1,1.8
Brajan Gruda,21,€22.00m,Brighton & Hove Albion,Right Winger,21,687,1,4,1.2,2.1
Brajan Gruda,21,€20.00m,Brighton & Hove Albion,Right Winger,21,687,1,4,1.2,2.1
Gonçalo Guedes,28,€7.00m,Wolverhampton Wanderers,Left Winger,29,995,2,4,3.2,1.3
Marc Guéhi,24,€40.00m,Crystal Palace,Centre-Back,34,3059,3,2,2.0,1.8
Luis Guilherme,19,€10.00m,West Ham United,Right Winger,12,150,0,0,0.4,0.1
Bruno Guimarães,27,€75.00m,Newcastle United,Defensive Midfield,38,3271,5,6,4.3,6.1
Marc Guiu,19,€4.00m,Chelsea FC,Centre-Forward,3,73,0,0,0.0,0.0
İlkay Gündoğan,34,€1.00m,Manchester City,Central Midfield,33,2223,1,6,3.2,3.5
İlkay Gündoğan,34,€1.00m,Manchester City,Central Midfield,33,2223,1,6,3.2,3.5
Malo Gusto,22,€30.00m,Chelsea FC,Right-Back,32,1862,0,1,1.7,1.4
Erling Haaland,24,€180.00m,Manchester City,Centre-Forward,31,2736,22,3,22.0,3.0
Lewis Hall,20,€28.00m,Newcastle United,Left-Back,27,2189,0,4,0.4,4.3
Jack Harrison,28,€8.00m,Leeds United,Right Winger,34,2076,1,0,3.5,3.7
Kai Havertz,26,€60.00m,Arsenal FC,Centre-Forward,23,1875,9,3,9.5,2.4
Jan Paul van Hecke,25,€28.00m,Brighton & Hove Albion,Centre-Back,34,2958,1,1,1.3,1.5
Dean Henderson,28,€15.00m,Crystal Palace,Goalkeeper,38,3420,0,0,0.0,0.2
Rico Henry,27,€10.00m,Brentford FC,Left-Back,5,99,0,0,0.0,0.0
James Hill,23,€150k,AFC Bournemouth,Centre-Back,10,448,0,1,0.3,0.3
Jack Hinshelwood,20,€20.00m,Brighton & Hove Albion,Central Midfield,26,1842,5,2,2.7,1.5
Callum Hudson-Odoi,24,€22.00m,Nottingham Forest,Left Winger,31,2194,5,2,2.5,2.7
Will Hughes,30,€2.50m,Crystal Palace,Central Midfield,33,2108,0,3,1.1,3.1
Rasmus Højlund,22,€28.00m,Manchester United,Centre-Forward,32,2004,4,0,5.3,1.8
Igor,27,€15.00m,Brighton & Hove Albion,Centre-Back,13,961,0,0,0.0,0.2
Tim Iroegbunam,22,€4.50m,Everton FC,Central Midfield,18,574,0,1,0.2,0.2
Alexander Isak,25,€120.00m,Newcastle United,Centre-Forward,34,2756,23,6,20.3,4.3
Alex Iwobi,29,€24.00m,Fulham FC,Left Winger,38,2981,9,6,4.7,7.0
Nicolas Jackson,24,€45.00m,Chelsea FC,Centre-Forward,30,2220,10,5,12.3,4.3
Reece James,25,€25.00m,Chelsea FC,Right-Back,19,1063,1,1,0.4,0.7
Vitaly Janelt,27,€15.00m,Brentford FC,Defensive Midfield,32,2254,1,3,0.8,2.2
Mathias Jensen,29,€9.00m,Brentford FC,Central Midfield,24,862,0,2,0.2,1.7
Gabriel Jesus,28,€28.00m,Arsenal FC,Centre-Forward,17,608,3,0,3.0,0.7
Raúl Jiménez,34,€1.00m,Fulham FC,Centre-Forward,38,2494,12,3,12.0,3.3
João Pedro,23,€45.00m,Chelsea FC,Centre-Forward,27,1948,10,6,8.9,5.0
Joelinton,28,€32.00m,Newcastle United,Central Midfield,29,2393,4,3,3.9,2.5
Brennan Johnson,24,€38.00m,Tottenham Hotspur,Right Winger,33,2177,11,3,10.4,2.3
Sam Johnstone,32,€1.80m,Wolverhampton Wanderers,Goalkeeper,7,630,0,0,0.0,0.0
Curtis Jones,24,€40.00m,Liverpool FC,Central Midfield,33,1712,3,3,4.3,1.1
Filip Jørgensen,23,€12.00m,Chelsea FC,Goalkeeper,6,540,0,0,0.0,0.0
Daichi Kamada,28,€8.00m,Crystal Palace,Attacking Midfield,34,1564,0,0,1.1,1.9
Daichi Kamada,28,€7.50m,Crystal Palace,Attacking Midfield,34,1564,0,0,1.1,1.9
Boubacar Kamara,25,€35.00m,Aston Villa,Defensive Midfield,26,1726,1,0,0.8,0.9
Michael Kayode,20,€12.00m,Brentford FC,Right-Back,12,528,0,1,0.2,1.2
Michael Keane,32,€1.00m,Everton FC,Centre-Back,14,1049,3,0,0.6,0.1
Caoimhín Kelleher,26,€15.00m,Brentford FC,Goalkeeper,10,900,0,0,0.0,0.0
Milos Kerkez,21,€40.00m,Liverpool FC,Left-Back,38,3336,2,5,0.6,3.9
Abdukodir Khusanov,21,€28.00m,Manchester City,Centre-Back,6,503,0,0,0.0,0.1
Antonín Kinský,22,€10.00m,Tottenham Hotspur,Goalkeeper,6,540,0,0,0.0,0.1
Jakub Kiwior,25,€25.00m,Arsenal FC,Centre-Back,17,1122,1,0,0.2,0.3
Justin Kluivert,26,€28.00m,AFC Bournemouth,Attacking Midfield,34,2340,12,6,10.3,4.8
Ibrahima Konaté,26,€55.00m,Liverpool FC,Centre-Back,31,2560,1,2,1.7,1.0
Ezri Konsa,27,€30.00m,Aston Villa,Centre-Back,34,2936,2,0,1.3,0.4
Mohammed Kudus,24,€40.00m,West Ham United,Right Winger,32,2590,5,3,6.9,3.1
Dejan Kulusevski,25,€50.00m,Tottenham Hotspur,Attacking Midfield,32,2389,7,4,4.2,6.2
Maxence Lacroix,25,€22.00m,Crystal Palace,Centre-Back,35,3116,1,1,3.4,1.0
Maxence Lacroix,25,€20.00m,Crystal Palace,Centre-Back,35,3116,1,1,3.4,1.0
Tariq Lamptey,24,€7.00m,Brighton & Hove Albion,Right-Back,15,860,2,2,0.4,0.8
Roméo Lavia,21,€35.00m,Chelsea FC,Defensive Midfield,16,797,0,1,0.3,0.7
Bernd Leno,33,€5.00m,Fulham FC,Goalkeeper,38,3420,0,1,0.0,0.1
Jefferson Lerma,30,€5.00m,Crystal Palace,Defensive Midfield,33,2274,0,1,1.1,1.6
Rico Lewis,20,€35.00m,Manchester City,Right-Back,28,1893,1,2,1.4,0.3
Keane Lewis-Potter,24,€20.00m,Brentford FC,Left-Back,38,3093,1,3,3.1,3.2
Myles Lewis-Skelly,18,€40.00m,Arsenal FC,Left-Back,23,1369,1,0,0.2,0.4
Matthijs de Ligt,25,€32.00m,Manchester United,Centre-Back,29,2123,2,0,2.5,0.3
Pedro Lima,19,€1.00m,Wolverhampton Wanderers,Right-Back,3,70,0,0,0.1,0.1
Sean Longstaff,27,€16.00m,Newcastle United,Central Midfield,25,798,0,0,0.6,0.2
Saša Lukić,28,€9.00m,Fulham FC,Defensive Midfield,30,2344,0,2,1.2,2.7
Ian Maatsen,23,€25.00m,Aston Villa,Left-Back,29,1139,1,2,0.9,2.7
Alexis Mac Allister,26,€90.00m,Liverpool FC,Central Midfield,35,2599,5,5,2.8,4.7
James Maddison,28,€40.00m,Tottenham Hotspur,Attacking Midfield,31,1809,9,7,5.8,4.2
Noni Madueke,23,€35.00m,Chelsea FC,Right Winger,32,2033,7,3,9.6,4.2
Gabriel Magalhães,27,€70.00m,Arsenal FC,Centre-Back,28,2363,3,1,2.6,0.9
Harry Maguire,32,€8.00m,Manchester United,Centre-Back,27,1758,1,0,1.8,0.6
Kobbie Mainoo,20,€50.00m,Manchester United,Central Midfield,25,1651,0,0,0.7,1.6
Tyrell Malacia,25,€3.50m,Manchester United,Left-Back,3,100,0,0,0.0,0.0
Donyell Malen,26,€20.00m,Aston Villa,Right Winger,14,305,3,0,2.2,0.2
Donyell Malen,26,€20.00m,Aston Villa,Right Winger,14,305,3,0,2.2,0.2
Solly March,30,€1.50m,Brighton & Hove Albion,Right Winger,8,168,0,0,0.1,0.3
Omar Marmoush,26,€70.00m,Manchester City,Centre-Forward,16,1175,7,0,5.5,2.8
Gabriel Martinelli,24,€50.00m,Arsenal FC,Left Winger,33,2290,8,4,7.4,5.0
Emiliano Martínez,32,€15.00m,Aston Villa,Goalkeeper,37,3194,0,0,0.0,0.5
Lisandro Martínez,27,€35.00m,Manchester United,Centre-Back,20,1751,2,1,1.3,1.1
Pape Matar Sarr,22,€28.00m,Tottenham Hotspur,Central Midfield,36,1913,3,2,3.7,1.6
Jean-Philippe Mateta,28,€25.00m,Crystal Palace,Centre-Forward,37,2648,14,2,13.5,3.2
Konstantinos Mavropanos,27,€10.00m,West Ham United,Centre-Back,33,2045,0,0,1.5,0.5
Bryan Mbeumo,25,€50.00m,Brentford FC,Right Winger,38,3414,20,7,12.3,8.3
John McGinn,30,€10.00m,Aston Villa,Central Midfield,34,2223,1,4,3.1,3.5
Mikel Merino,29,€30.00m,Arsenal FC,Central Midfield,28,1586,7,2,5.9,2.0
Nikola Milenković,27,€30.00m,Nottingham Forest,Centre-Back,37,3330,5,2,4.0,1.1
Lewis Miley,19,€18.00m,Newcastle United,Central Midfield,14,313,1,0,0.5,0.0
Tyrone Mings,32,€800k,Aston Villa,Centre-Back,14,1120,0,0,0.8,0.2
Yankuba Minteh,20,€25.00m,Brighton & Hove Albion,Right Winger,32,1838,6,4,4.1,5.0
Tyrick Mitchell,25,€20.00m,Crystal Palace,Left-Back,37,3092,0,5,1.3,6.4
Kaoru Mitoma,28,€35.00m,Brighton & Hove Albion,Left Winger,36,2603,10,4,9.2,4.6
Morato,24,€9.00m,Nottingham Forest,Centre-Back,26,907,0,0,0.2,0.0
Álex Moreno,32,€2.20m,Aston Villa,Left-Back,15,955,0,1,0.2,1.3
Yerson Mosquera,24,€4.00m,Wolverhampton Wanderers,Centre-Back,5,441,0,0,0.3,0.1
Mason Mount,26,€24.00m,Manchester United,Attacking Midfield,17,622,1,0,3.2,0.6
Marshall Munetsi,29,€10.00m,Wolverhampton Wanderers,Central Midfield,14,1078,2,1,3.3,1.8
Rodrigo Muniz,24,€15.00m,Fulham FC,Centre-Forward,31,964,8,1,5.8,0.7
Daniel Muñoz,29,€20.00m,Crystal Palace,Right-Back,37,3228,4,5,4.9,5.5
Daniel Muñoz,29,€20.00m,Crystal Palace,Right-Back,37,3228,4,5,4.9,5.5
Murillo,23,€55.00m,Nottingham Forest,Centre-Back,36,3188,2,0,1.4,1.2
Jacob Murphy,30,€10.00m,Newcastle United,Right Winger,35,2360,8,12,5.7,8.9
Vitaliy Mykolenko,26,€22.00m,Everton FC,Left-Back,35,3082,1,2,0.5,2.6
Iliman Ndiaye,25,€18.00m,Everton FC,Left Winger,33,2430,9,0,6.2,1.9
Iliman Ndiaye,25,€18.00m,Everton FC,Left Winger,33,2430,9,0,6.2,1.9
Reiss Nelson,25,€10.00m,Arsenal FC,Right Winger,1,3,0,0,0.0,0.0
Reiss Nelson,25,€10.00m,Arsenal FC,Right Winger,11,487,1,1,1.1,1.0
Pedro Neto,25,€45.00m,Chelsea FC,Right Winger,35,2269,4,6,3.5,6.7
Eddie Nketiah,26,€12.00m,Crystal Palace,Centre-Forward,29,1034,3,1,5.8,1.7
Christopher Nkunku,27,€30.00m,Chelsea FC,Attacking Midfield,27,921,3,2,4.8,2.1
Gustavo Nunes,19,€5.00m,Brentford FC,Left Winger,3,12,0,0,0.0,0.0
Matheus Nunes,26,€28.00m,Manchester City,Central Midfield,26,1674,1,6,1.2,4.4
Darwin Núñez,26,€40.00m,Liverpool FC,Centre-Forward,30,1133,5,2,5.8,1.3
Ethan Nwaneri,18,€50.00m,Arsenal FC,Right Winger,26,895,4,2,1.2,1.2
Christian Nørgaard,31,€6.00m,Brentford FC,Defensive Midfield,34,2819,5,4,4.3,1.3
Jake O'Brien,24,€13.00m,Everton FC,Right-Back,20,1571,2,0,0.8,0.6
Matt O'Riley,24,€18.00m,Brighton & Hove Albion,Central Midfield,21,938,2,2,2.8,2.4
Wilson Odobert,20,€16.00m,Tottenham Hotspur,Right Winger,16,850,1,0,1.6,1.0
Amadou Onana,23,€42.00m,Aston Villa,Defensive Midfield,26,1617,3,0,2.1,0.7
Frank Onyeka,27,€2.50m,Brentford FC,Central Midfield,2,25,0,0,0.0,0.0
Stefan Ortega,32,€4.00m,Manchester City,Goalkeeper,13,1100,0,0,0.0,0.0
William Osula,21,€2.50m,Newcastle United,Centre-Forward,14,134,1,0,0.2,0.1
Dango Ouattara,23,€25.00m,AFC Bournemouth,Left Winger,32,2005,7,4,8.4,5.5
Cole Palmer,23,€120.00m,Chelsea FC,Attacking Midfield,37,3191,15,8,17.3,10.9
Lucas Paquetá,27,€23.00m,West Ham United,Attacking Midfield,33,2380,4,0,5.3,3.1
Nathan Patterson,23,€10.00m,Everton FC,Right-Back,10,347,0,1,0.1,0.4
Andreas Pereira,29,€13.00m,Fulham FC,Attacking Midfield,33,2013,2,4,3.8,4.6
Jordan Pickford,31,€12.00m,Everton FC,Goalkeeper,38,3420,0,1,0.0,0.4
Ethan Pinnock,32,€2.50m,Brentford FC,Centre-Back,22,1913,2,0,1.1,1.2
Nick Pope,33,€4.00m,Newcastle United,Goalkeeper,28,2520,0,0,0.0,0.0
Pedro Porro,25,€35.00m,Tottenham Hotspur,Right-Back,33,2610,2,6,1.6,5.0
Jacob Ramsey,24,€28.00m,Aston Villa,Left Midfield,29,1623,1,3,1.6,2.3
Marcus Rashford,27,€50.00m,Manchester United,Left Winger,15,978,4,1,1.7,2.1
Marcus Rashford,27,€50.00m,Manchester United,Left Winger,10,444,2,2,3.1,2.3
Harrison Reed,30,€1.50m,Fulham FC,Central Midfield,12,108,0,0,0.2,0.1
Vitor Reis,19,€25.00m,Manchester City,Centre-Back,1,1,0,0,0.0,0.0
Chadi Riad,22,€10.00m,Crystal Palace,Centre-Back,1,90,0,0,0.0,0.0
Declan Rice,26,€110.00m,Arsenal FC,Central Midfield,35,2825,4,7,3.5,6.6
Chris Richards,25,€9.00m,Crystal Palace,Centre-Back,24,1922,1,0,1.4,0.1
Richarlison,28,€16.00m,Tottenham Hotspur,Centre-Forward,15,504,4,1,3.7,0.9
Andrew Robertson,31,€14.00m,Liverpool FC,Left-Back,33,2482,0,1,1.2,4.6
Andrew Robertson,31,€13.00m,Liverpool FC,Left-Back,33,2482,0,1,1.2,4.6
Antonee Robinson,27,€30.00m,Fulham FC,Left-Back,36,3167,0,10,0.7,4.2
Rodri,29,€100.00m,Manchester City,Defensive Midfield,3,73,0,0,0.0,0.0
Guido Rodríguez,31,€6.00m,West Ham United,Defensive Midfield,23,1149,0,1,0.2,0.2
Mads Roerslev,26,€2.00m,Brentford FC,Right-Back,19,1101,0,2,0.2,3.0
Morgan Rogers,22,€50.00m,Aston Villa,Attacking Midfield,37,3114,8,10,6.6,7.8
Cristian Romero,27,€50.00m,Tottenham Hotspur,Centre-Back,18,1416,1,0,1.6,0.6
Georginio Rutter,23,€28.00m,Brighton & Hove Albion,Centre-Forward,28,1656,5,3,4.6,2.5
José Sá,32,€2.50m,Wolverhampton Wanderers,Goalkeeper,29,2609,0,0,0.0,0.2
Bukayo Saka,23,€150.00m,Arsenal FC,Right Winger,25,1729,6,10,6.8,7.6
Mohamed Salah,33,€45.00m,Liverpool FC,Right Winger,38,3371,29,18,25.2,14.2
William Saliba,24,€75.00m,Arsenal FC,Centre-Back,35,3039,2,0,2.3,0.9
Robert Sánchez,27,€15.00m,Chelsea FC,Goalkeeper,32,2880,0,0,0.0,0.1
Jadon Sancho,25,€23.00m,Manchester United,Left Winger,31,1764,3,4,2.2,3.7
Ibrahim Sangaré,27,€20.00m,Nottingham Forest,Defensive Midfield,13,590,0,1,0.0,0.4
Jeremy Sarmiento,23,€2.00m,Brighton & Hove Albion,Left Winger,1,9,0,0,0.0,0.0
Oliver Scarles,19,€3.50m,West Ham United,Left-Back,15,665,0,0,0.1,0.1
Kevin Schade,23,€25.00m,Brentford FC,Left Winger,38,2293,11,2,8.2,3.7
Fabian Schär,33,€2.50m,Newcastle United,Centre-Back,34,2934,4,0,3.7,0.4
Alex Scott,21,€15.00m,AFC Bournemouth,Central Midfield,20,755,0,0,0.7,0.9
Matz Sels,33,€2.50m,Nottingham Forest,Goalkeeper,38,3420,0,0,0.0,0.4
Antoine Semenyo,25,€35.00m,AFC Bournemouth,Left Winger,37,3203,11,5,10.0,5.8
Marcos Senesi,28,€18.00m,AFC Bournemouth,Centre-Back,17,1106,0,0,0.8,0.2
Ryan Sessegnon,25,€10.00m,Fulham FC,Left-Back,16,580,4,2,1.6,1.1
Bernardo Silva,30,€32.00m,Manchester City,Attacking Midfield,33,2670,4,4,3.9,5.1
Jota Silva,25,€10.00m,Nottingham Forest,Right Winger,31,854,3,1,2.1,2.9
Luis Sinisterra,26,€10.00m,AFC Bournemouth,Left Winger,12,236,1,1,1.2,1.4
Emile Smith Rowe,24,€25.00m,Fulham FC,Attacking Midfield,34,2043,6,3,4.5,1.4
Dominic Solanke,27,€35.00m,Tottenham Hotspur,Centre-Forward,27,2201,9,3,10.9,2.9
Dominic Solanke,27,€35.00m,Tottenham Hotspur,Centre-Forward,27,2201,9,3,10.9,2.9
Julio Soler,20,€3.50m,AFC Bournemouth,Left-Back,3,11,0,0,0.0,0.0
Ramón Sosa,25,€8.00m,Nottingham Forest,Left Winger,19,295,1,0,1.0,0.5
Djed Spence,24,€16.00m,Tottenham Hotspur,Left-Back,25,1792,1,2,0.6,1.8
Raheem Sterling,30,€5.00m,Chelsea FC,Right Winger,17,499,0,2,1.4,0.5
John Stones,31,€22.00m,Manchester City,Centre-Back,11,548,2,0,0.4,0.1
Jørgen Strand Larsen,25,€25.00m,Wolverhampton Wanderers,Centre-Forward,35,2587,14,4,10.3,3.0
Crysencio Summerville,23,€18.00m,West Ham United,Left Winger,19,786,1,1,1.6,1.7
Crysencio Summerville,23,€18.00m,West Ham United,Left Winger,19,786,1,1,1.6,1.7
Dominik Szoboszlai,24,€80.00m,Liverpool FC,Attacking Midfield,36,2491,6,6,7.3,7.4
Matt Targett,29,€1.00m,Newcastle United,Left-Back,2,21,0,0,0.0,0.0
James Tarkowski,32,€4.50m,Everton FC,Centre-Back,33,2922,1,1,1.3,2.9
Marcus Tavernier,26,€12.00m,AFC Bournemouth,Left Winger,29,1939,3,5,5.5,4.0
Mathys Tel,20,€30.00m,Tottenham Hotspur,Centre-Forward,13,911,2,1,3.0,2.6
Kenny Tete,29,€8.00m,Fulham FC,Right-Back,22,1774,0,2,1.4,0.9
Youri Tielemans,28,€32.00m,Aston Villa,Central Midfield,36,3026,3,7,3.3,7.0
Sandro Tonali,25,€55.00m,Newcastle United,Central Midfield,36,2630,4,2,4.4,2.2
Pau Torres,28,€28.00m,Aston Villa,Centre-Back,24,2020,0,0,0.5,0.1
Adama Traoré,29,€4.50m,Fulham FC,Right Winger,36,1772,2,7,4.0,4.9
Boubacar Traoré,23,€900k,Wolverhampton Wanderers,Defensive Midfield,1,1,0,0,0.0,0.0
Mark Travers,26,€400k,AFC Bournemouth,Goalkeeper,5,450,0,0,0.0,0.0
Kieran Trippier,34,€600k,Newcastle United,Right-Back,25,1309,0,3,0.1,1.4
Leandro Trossard,30,€20.00m,Arsenal FC,Left Winger,38,2546,8,7,7.2,6.1
Leandro Trossard,30,€18.00m,Arsenal FC,Left Winger,38,2546,8,7,7.2,6.1
Axel Tuanzebe,27,€1.00m,Burnley FC,Right-Back,22,1710,0,1,0.2,0.3
Destiny Udogie,22,€38.00m,Tottenham Hotspur,Left-Back,25,1924,0,1,0.3,1.5
Lesley Ugochukwu,21,€14.00m,Chelsea FC,Defensive Midfield,26,1655,1,1,0.9,1.0
Lesley Ugochukwu,21,€12.00m,Chelsea FC,Defensive Midfield,26,1655,1,1,0.9,1.0
Enes Ünal,28,€5.00m,AFC Bournemouth,Centre-Forward,17,345,2,1,2.7,0.4
Virgil van Dijk,33,€20.00m,Liverpool FC,Centre-Back,37,3330,3,1,2.2,0.7
Renato Veiga,21,€22.00m,Chelsea FC,Centre-Back,7,181,0,0,0.1,0.0
Joël Veltman,33,€500k,Brighton & Hove Albion,Right-Back,21,1697,0,0,0.5,0.5
Micky van de Ven,24,€50.00m,Tottenham Hotspur,Centre-Back,13,1015,0,2,0.6,1.2
Bart Verbruggen,22,€25.00m,Brighton & Hove Albion,Goalkeeper,36,3240,0,1,0.0,0.0
Guglielmo Vicario,28,€25.00m,Tottenham Hotspur,Goalkeeper,24,2160,0,0,0.0,0.0
Kyle Walker,35,€600k,Burnley FC,Right-Back,15,970,0,0,0.1,0.4
Aaron Wan-Bissaka,27,€20.00m,West Ham United,Right-Back,36,3154,2,5,1.2,3.5
James Ward-Prowse,30,€3.50m,West Ham United,Central Midfield,15,1039,1,1,1.6,1.9
James Ward-Prowse,30,€3.50m,West Ham United,Central Midfield,9,400,0,1,0.1,1.1
Ollie Watkins,29,€35.00m,Aston Villa,Centre-Forward,38,2598,16,8,15.3,3.3
Adam Webster,30,€6.50m,Brighton & Hove Albion,Centre-Back,14,887,0,0,0.2,0.5
Danny Welbeck,34,€900k,Brighton & Hove Albion,Centre-Forward,30,2115,10,4,9.6,1.4
Adam Wharton,21,€40.00m,Crystal Palace,Defensive Midfield,20,1318,0,2,0.4,3.0
Ben White,27,€40.00m,Arsenal FC,Right-Back,17,1198,0,2,0.5,1.4
Mats Wieffer,25,€20.00m,Brighton & Hove Albion,Defensive Midfield,25,1015,1,3,0.8,1.6
Neco Williams,24,€16.00m,Nottingham Forest,Right-Back,35,2594,1,3,2.3,1.6
Joe Willock,25,€18.00m,Newcastle United,Central Midfield,32,1086,0,2,1.6,2.1
Harry Wilson,28,€10.00m,Fulham FC,Right Winger,25,1162,6,1,4.2,1.1
Yoane Wissa,28,€28.00m,Brentford FC,Centre-Forward,35,2919,19,4,18.5,2.6
Chris Wood,33,€6.00m,Nottingham Forest,Centre-Forward,36,2959,20,3,13.4,2.6
Leny Yoro,19,€50.00m,Manchester United,Centre-Back,21,1165,0,0,0.7,0.1
Oleksandr Zinchenko,28,€17.00m,Arsenal FC,Left-Back,15,527,0,1,0.6,0.2
Joshua Zirkzee,24,€25.00m,Manchester United,Centre-Forward,32,1402,3,1,4.8,1.5
Martin Ødegaard,26,€80.00m,Arsenal FC,Attacking Midfield,30,2325,3,8,4.8,5.4
